[{"constant":false,"inputs":[{"name":"coordinatorEndpoint","type":"string"}],"name":"setCoordinatorEndpoint","outputs":[],"payable":false,"stateMutability":"nonpayable","type":"function"},{"constant":true,"inputs":[{"name":"coordinatorOperator","type":"address"}],"name":"getCoordinatorEndpoint","outputs":[{"name":"coordinatorEndpoint","type":"string"}],"payable":false,"stateMutability":"view","type":"function"},{"inputs":[],"payable":false,"stateMutability":"nonpayable","type":"constructor"},{"anonymous":false,"inputs":[{"indexed":false,"name":"coordinatorOperator","type":"address"},{"indexed":false,"name":"coordinatorEndpoint","type":"string"}],"name":"CoordinatorEndpointSet","type":"event"}]